name,id,designation,tech/manufacturer,system id,fleet pts,hitpoints,armor rating,max flux,8/6/5/4%,flux dissipation,ordnance points,fighter bays,max speed,acceleration,deceleration,max turn rate,turn acceleration,mass,shield type,defense id,shield arc,shield upkeep,shield efficiency,phase cost,phase upkeep,min crew,max crew,cargo,fuel,fuel/ly,range,max burn,base value,cr %/day,CR to deploy,peak CR sec,CR loss/sec,supplies/rec,supplies/mo,hints,tags,rarity,breakProb,minPieces,maxPieces,number
Eclipse II,sw_eclipse_ii,Dreadnought,Kuat Drive Yards,sw_gravitywellgenerator,120,70000,2500,75000,,4000,900,6,15,5,5,3,3,7500,PHASE,sw_deflectorshield,360,0.1,0.7,,,7000,10000,6000,3000,10,50,6,7500000,10,10,2000,0.25,120,200,,"rare_bp, empire, no_autofit",,0.1,2,4,
Eclipse I,sw_eclipse_i,Dreadnought,Kuat Drive Yards,sw_gravitywellgenerator,110,70000,2300,75000,,4000,900,5,15,5,5,3,3,7500,PHASE,sw_deflectorshield,360,0.1,0.7,,,7000,10000,6000,3000,10,50,6,7000000,10,10,2000,0.25,110,200,,"rare_bp, empire, no_autofit",,0.1,2,4,
Executor,sw_executor,Star Dreadnought,Kuat Drive Yards,sw_concentratefire,100,75000,2300,75000,,4000,1140,5,10,5,5,1,1,10000,PHASE,sw_deflectorshield,360,0.1,0.7,,,5000,10000,2500,2000,10,50,5,5000000,10,10,2000,0.25,100,200,,"rare_bp, empire, no_autofit",,0.1,2,4,
Vengeance,sw_vengeance_dreadnought,Dreadnought,Kuat Drive Yards,sw_concentratefire,100,75000,2300,75000,,4000,1130,5,10,5,5,2,2,10000,PHASE,sw_deflectorshield,360,0.1,0.8,,,5000,10000,2500,2000,10,50,5,5000000,10,10,2000,0.25,100,200,,"rare_bp, empire, no_autofit",,0.1,2,4,
Assertor,sw_assertor,Dreadnought,Kuat Drive Yards,sw_gravitywellgenerator,65,60000,2000,50000,,3000,850,3,30,15,5,1,1,6000,PHASE,sw_deflectorshield,360,0.1,0.8,,,2000,3000,1450,1000,10,50,6,1000000,10,10,1000,0.25,70,70,,"sw_hightech_bp, empire, no_autofit",,0.6,2,4,
Bellator,sw_bellator,Dreadnought,Kuat Drive Yards,sw_tractorbeam,60,50000,2000,40000,,2500,700,3,50,25,20,3,5,5000,PHASE,sw_deflectorshield,360,0.1,0.8,,,1500,2000,1000,1000,10,50,8,850000,10,10,1000,0.25,60,60,,"sw_hightech_bp, empire, no_autofit",,0.6,2,4,
Praetor MK.II,sw_praetor_mk2,Battlecruiser,Kuat Drive Yards,sw_concentratefire,60,40000,2000,35000,,2000,670,3,35,20,10,2.5,3,4500,PHASE,sw_deflectorshield,360,0.1,0.8,,,1500,2000,800,500,10,50,7,750000,10,10,1000,0.25,55,55,,"sw_hightech_bp, empire, no_autofit",,0.6,2,4,
Allegiance,sw_allegiance,Battlecruiser,Kuat Drive Yards,sw_concentratefire,55,23000,1750,25000,,1500,650,,40,20,10,2.5,3,4000,PHASE,sw_deflectorshield,360,0.1,0.8,,,1000,1500,500,500,5,100,7,700000,10,10,1000,0.25,50,50,,"sw_hightech_bp, empire, no_autofit",,0.6,2,4,
Tector,sw_tector,Star Destroyer,Kuat Drive Yards,sw_concentratefire,50,19000,1700,20000,,1500,520,,50,30,20,3,3,3500,PHASE,sw_deflectorshield,360,0.1,0.8,,,1000,1000,500,300,3,100,7,600000,10,10,800,0.25,45,45,,"sw_hightech_bp, republic, empire, no_autofit",,0.6,2,4,
Imperial II,sw_imperial_ii,Star Destroyer,Kuat Drive Yards,sw_concentratefire,50,20000,1500,23000,,1500,520,3,50,30,20,3,3,3500,PHASE,sw_deflectorshield,360,0.1,0.8,,,1000,1000,500,300,3,100,7,600000,10,10,800,0.25,45,45,,"sw_hightech_bp, empire, no_autofit",,0.6,2,4,
Imperial I,sw_imperial_i,Star Destroyer,Kuat Drive Yards,sw_tractorbeam,45,18000,1000,20000,,1500,480,3,50,30,20,3,3,3500,PHASE,sw_deflectorshield,360,0.1,0.8,,,750,1000,500,300,3,100,7,550000,10,10,800,0.25,40,40,,"sw_hightech_bp, empire, first_order, no_autofit",,0.6,2,4,
Interdictor,sw_interdictor,Star Destroyer,Kuat Drive Yards,sw_gravitywellgenerator,45,17500,1000,20000,,1500,420,1,50,30,20,3,3,3500,PHASE,sw_deflectorshield,360,0.1,0.9,,,750,1000,500,300,3,100,7,550000,10,10,800,0.25,40,40,,"sw_hightech_bp, empire, no_autofit",,0.6,2,4,
Procursator,sw_procursator,Star Destroyer,Kuat Drive Yards,sw_concentratefire,40,15000,1000,15000,,1000,330,,55,25,20,5,3,3000,PHASE,sw_deflectorshield,360,0.3,0.9,,,500,1000,400,300,3,100,8,500000,10,10,750,0.25,30,30,,"sw_midline_bp, empire, no_autofit",,0.6,2,4,
Victory II,sw_victory_ii,Star Destroyer,Kuat Drive Yards,sw_mediumtractorbeam,35,13000,1000,15000,,1000,400,2,70,40,30,5,5,2500,PHASE,sw_deflectorshield,360,0.3,1,,,400,1000,300,300,2,150,8,450000,10,10,750,0.25,25,25,,"sw_midline_bp, empire, no_autofit",,0.6,2,4,
Victory I,sw_victory_i,Star Destroyer,Kuat Drive Yards,sw_concentratefire,30,13000,1000,10000,,1000,390,2,60,40,30,5,5,2500,PHASE,sw_deflectorshield,360,0.3,1,,,400,1000,300,300,2,150,8,400000,10,10,750,0.25,25,25,,"sw_midline_bp, republic, empire, no_autofit",,0.6,2,4,
Acclamator,sw_acclamator,Assault Ship,Rothana Heavy Engineering,sw_concentratefire,15,10000,1000,7500,,1000,320,3,65,45,30,10,5,2300,PHASE,sw_deflectorshield,360,0.3,1,,,200,1000,750,300,2,150,8,300000,10,10,700,0.25,25,25,FREIGHTER,"sw_midline_bp, empire, republic, no_autofit",,0.6,2,4,
Vindicator,sw_vindicator,Heavy Cruiser,Sienar Fleet Systems,sw_mediumtractorbeam,20,10000,1000,7000,,500,180,1,75,50,40,10,5,2000,PHASE,sw_deflectorshield,360,0.3,1,,,300,500,250,300,2,150,8,250000,10,10,700,0.25,20,20,,"sw_midline_bp, empire, no_autofit",,0.6,2,4,
Immobilizer ,sw_immobilizer,Cruiser,Sienar Fleet Systems,sw_gravitywellgenerator,13,7500,750,6000,,500,140,1,75,50,40,10,10,2000,PHASE,sw_deflectorshield,360,0.3,1,,,300,500,250,300,2,150,8,200000,10,10,700,0.25,20,20,,"sw_midline_bp, empire, no_autofit",,0.6,2,4,
Dreadnought,sw_dreadnought,Cruiser,Rendili StarDrive,sw_concentratefire,15,10000,750,6500,,500,180,,90,50,40,15,10,1500,PHASE,sw_deflectorshield,360,0.5,1,,,200,500,250,300,2,150,9,250000,10,10,700,0.25,15,15,,"sw_lowtech_bp, republic, empire, mandal, chiss, no_autofit",,0.6,2,4,
Altor,sw_altor,Tanker,Kuat Drive Yards,fortressshield,5,23000,1000,15000,,1000,150,,45,40,25,3,3,4000,PHASE,sw_deflectorshield,360,0.5,1,,,300,1000,1000,5000,10,300,7,150000,10,10,500,0.25,30,20,"CIVILIAN, TANKER","sw_midline_bp, empire, no_autofit",,0.75,3,5,
Contentor,sw_contentor,Tanker,Kuat Drive Yards,fortressshield,5,5000,1000,5000,,500,90,,75,40,30,10,10,2500,PHASE,sw_deflectorshield,360,0.5,1,,,50,200,300,2500,10,250,7,50000,5,10,350,0.25,10,10,"CIVILIAN, TANKER","sw_lowtech_bp, empire, no_autofit",,0.75,3,5,
,,,,,,,,,,,,,,,,,,,,,,,,,,,,,,,,,,,,,,,,,,,,,,
Viscount ,sw_viscount,Star Defender,Mon Calamari Shipyards,sw_tractorbeam,100,70000,2500,100000,,5000,1140,6,15,5,5,1,1,7500,PHASE,sw_deflectorshield_rebel,360,0,0.7,,,5000,10000,2000,2000,10,50,5,5000000,10,10,2000,0.25,100,175,,"rare_bp, rebel, no_autofit",,0.1,2,4,
Viscount Prototype,sw_viscount_prototype,Star Defender,Mon Calamari Shipyards,sw_shieldsboost,60,35000,2000,40000,,3000,700,4,30,20,10,2,2,5000,PHASE,sw_deflectorshield_rebel,360,0.1,0.7,,,2000,3000,1000,500,10,50,6,800000,10,10,1000,0.25,60,60,,"sw_hightech_bp, rebel, no_autofit",,0.6,2,4,
Mediator,sw_mediator,Battle Cruiser,Mon Calamari Shipyards,sw_shieldsboost,55,30000,2000,35000,,3000,640,3,35,20,10,3,3,4500,PHASE,sw_deflectorshield_rebel,360,0.1,0.7,,,2000,3000,1000,500,10,50,6,750000,10,10,1000,0.25,55,55,,"sw_hightech_bp, rebel, no_autofit",,0.6,2,4,
Bulwark Mk.III,sw_bulwark_mk3,Battleship,TransGalMeg Industries,sw_concentratefire,55,27000,2000,30000,,2500,630,4,30,20,10,3,3,4500,PHASE,sw_deflectorshield_rebel,360,0.1,0.8,,,2000,3000,800,500,10,50,6,750000,10,10,1000,0.25,55,55,,"sw_hightech_bp, rebel, no_autofit",,0.6,2,4,
Starhawk,sw_starhawk,Battleship,Nadiri Dockyards,sw_heavytractorbeam,55,25000,1750,27000,,2000,550,3,40,25,20,3,3,4300,PHASE,sw_deflectorshield,360,0.1,0.8,,,1500,2000,700,500,10,50,7,700000,10,10,1000,0.25,50,50,,"sw_hightech_bp, rebel, no_autofit",,0.6,2,4,
MC90,sw_mc90,Star Cruiser,Mon Calamari Shipyards,sw_shieldsboost,50,18000,1750,27000,,2000,620,3,55,35,30,5,3,3000,PHASE,sw_deflectorshield_rebel,360,0.1,0.7,,,1000,1500,400,300,3,100,8,700000,10,10,800,0.25,45,45,,"sw_hightech_bp, rebel, no_autofit",,0.6,2,4,
MC80 Home One,sw_mc80_home_one,Star Cruiser,Mon Calamari Shipyards,sw_shieldsboost,45,20000,1500,25000,,1500,475,3,50,30,20,3,3,3500,PHASE,sw_deflectorshield_rebel,360,0.1,0.8,,,1000,1500,500,300,3,100,7,650000,10,10,800,0.25,45,45,,"sw_hightech_bp, rebel, no_autofit",,0.6,2,4,
MC80 Liberty,sw_mc80_liberty,Star Cruiser,Mon Calamari Shipyards,sw_shieldsboost,40,20000,1500,20000,,1500,440,3,50,25,20,3,3,3250,PHASE,sw_deflectorshield_rebel,360,0.1,0.8,,,750,1000,500,300,3,100,7,600000,10,10,800,0.25,40,40,,"sw_hightech_bp, rebel, no_autofit",,0.6,2,4,
MC80B,sw_mc80b,Star Cruiser,Mon Calamari Shipyards,sw_shieldsboost,35,18000,1000,17500,,1500,260,3,55,30,20,5,5,3000,PHASE,sw_deflectorshield_rebel,360,0.1,0.8,,,600,1000,400,300,3,100,8,500000,10,10,750,0.25,35,35,,"sw_midline_bp, rebel, no_autofit",,0.6,2,4,
Nebula,sw_nebula,Star Detroyer,Republic Engineering Corporation,sw_concentratefire,30,15000,1000,20000,,1500,330,3,60,40,20,10,10,2700,PHASE,sw_deflectorshield_rebel,360,0.3,0.9,,,500,1000,350,300,3,100,8,550000,10,10,750,0.25,30,30,,"sw_midline_bp, rebel, no_autofit",,0.6,2,4,
Dauntless,sw_dauntless,Heavy Cruiser,SoroSuub Corporation,sw_concentratefire,30,15000,1000,15000,,1000,330,2,60,40,20,10,10,2700,PHASE,sw_deflectorshield_rebel,360,0.1,1,,,500,1000,350,300,3,100,8,450000,10,10,750,0.25,30,30,,"sw_midline_bp, rebel, no_autofit",,0.6,2,4,
Assault Frigate Mk.II,sw_assault_frigate_mk2,Cruiser,Rendili StarDrive,sw_mediumtractorbeam,25,13000,1000,8000,,1000,230,,60,40,20,10,10,2500,PHASE,sw_deflectorshield_rebel,360,0.3,1,,,300,500,300,300,2,150,8,400000,10,10,700,0.25,25,25,,"sw_midline_bp, rebel, no_autofit",,0.6,2,4,
Assault Frigate Mk.I,sw_assault_frigate_mk1,Cruiser,Rendili StarDrive,sw_concentratefire,20,10000,1000,7000,,1000,200,,65,40,20,10,10,2500,PHASE,sw_deflectorshield_rebel,360,0.3,1,,,250,500,300,300,2,150,8,370000,10,10,700,0.25,20,20,,"sw_midline_bp, rebel, no_autofit",,0.6,2,4,
Majestic,sw_majestic,Heavy Cruiser,Republic Engineering Corporation,sw_mediumtractorbeam,15,9000,800,6000,,1000,220,1,70,45,20,10,10,2000,PHASE,sw_deflectorshield_rebel,360,0.3,1,,,250,500,250,300,2,150,8,350000,10,10,700,0.25,20,20,,"sw_midline_bp, rebel, no_autofit",,0.6,2,4,
MC40A,sw_mc40a,Light Cruiser,Mon Calamari Shipyards,sw_shieldsboost,15,7500,750,5000,,500,200,1,70,45,20,15,10,2000,PHASE,sw_deflectorshield_rebel,360,0.3,1,,,200,500,250,300,2,150,8,300000,10,10,700,0.25,20,20,,"sw_midline_bp, rebel, no_autofit",,0.6,2,4,
CC-7700,sw_cc7700,Frigate,Corellian Engineering Corporation,sw_gravitywellgenerator,13,6000,750,5000,,500,150,,75,50,40,20,15,1500,PHASE,sw_deflectorshield,360,0.3,1,,,150,500,250,300,2,150,9,300000,10,10,700,0.25,15,5,,"sw_midline_bp, rebel, no_autofit",,0.6,2,4,
MC30C,sw_mc30c,Frigate,Mon Calamari Shipyards,sw_shieldsboost,13,5000,500,5000,,500,200,,80,50,40,20,15,1500,PHASE,sw_deflectorshield_rebel,360,0.3,1,,,150,500,250,300,2,150,9,250000,10,10,700,0.25,15,15,,"sw_lowtech_bp, rebel, no_autofit",,0.6,2,4,
Neutron Star,sw_neutron_star,Bulk Cruiser,Rendili StarDrive,sw_mediumtractorbeam,17,10000,750,6000,,500,200,,65,50,40,10,5,2000,PHASE,sw_deflectorshield,360,0.3,1,,,220,500,500,300,3,150,8,200000,10,10,700,0.25,25,30,FREIGHTER,"sw_midline_bp, empire, rebel, black_sun, no_autofit",,0.6,2,4,
Hajen,sw_hajen,Fleet Tender,Republic Engineering Corporation,burndrive,5,5000,500,5000,,500,130,,80,50,40,20,15,1500,PHASE,sw_deflectorshield_rebel,360,0.3,1,,,100,500,500,500,2,150,10,200000,10,10,700,0.25,20,20,"CIVILIAN, FREIGHTER","sw_lowtech_bp, rebel, no_autofit",,0.6,2,4,
Rebel Tanker,sw_rebel_tanker,Replenishment Ship,Corellian Engineering Corporation,burndrive,3,1500,150,1500,,300,70,,180,150,120,30,20,200,PHASE,sw_deflectorshield_rebel,360,0.5,1,,,10,50,300,500,1,100,11,10000,10,10,350,0.25,5,5,"CIVILIAN, TANKER","sw_lowtech_bp, rebel, no_autofit",,0.5,2,2,
,,,,,,,,,,,,,,,,,,,,,,,,,,,,,,,,,,,,,,,,,,,,,,
Arquitens,sw_arquitens,Light Cruiser,Kuat Drive Yards,entropyamplifier,5,3000,300,3000,,300,90,1,120,100,75,20,15,300,PHASE,sw_deflectorshield,360,0.5,1,,,50,100,100,100,1,100,9,30000,10,10,400,0.25,10,10,,"sw_midline_bp, empire, no_autofit",,0.5,2,2,
Vigil,sw_vigil,Corvette,Kuat Drive Yards,sw_mediumtractorbeam,5,2700,300,3000,,300,90,,150,100,100,25,20,200,PHASE,sw_deflectorshield,360,0.5,1,,,30,100,50,100,1,100,10,20000,10,10,350,0.25,5,5,,"sw_lowtech_bp, empire, no_autofit",,0.5,2,2,
Lancer,sw_lancer,Frigate,Kuat Drive Yards,ammofeed,4,2500,200,2500,,300,110,,150,100,100,25,20,200,PHASE,sw_deflectorshield,360,0.5,1,,,30,100,50,100,1,100,10,17000,10,10,350,0.25,5,5,,"sw_lowtech_bp, empire, first_order, no_autofit",,0.5,2,2,
Tartan,sw_tartan,Patrol Cruiser,Damorian Manufacturing Corporation,sw_concentratefire,3,2300,200,2500,,300,85,,150,100,120,30,20,200,PHASE,sw_deflectorshield,360,0.5,1,,,30,100,50,100,1,100,10,15000,10,10,350,0.25,5,5,,"sw_lowtech_bp, empire, no_autofit",,0.5,2,2,
Raider,sw_raider,Corvette,Kuat Drive Yards,maneuveringjets,3,1500,150,2000,,300,90,,180,150,120,30,20,170,PHASE,sw_deflectorshield,360,0.5,1,,,10,50,50,100,1,100,11,10000,10,10,350,0.25,5,5,,"sw_lowtech_bp, empire, first_order, no_autofit",,0.5,2,2,
Gozanti,sw_gozanti,Assault Cruiser,Corellian Engineering Corporation,maneuveringjets,2,1500,100,1000,,300,60,1,180,150,120,60,100,150,PHASE,sw_deflectorshield,360,0.5,1,,,10,30,30,100,1,100,10,10000,10,10,300,0.25,5,5,,"sw_lowtech_bp, empire, no_autofit",,0.5,2,2,
VT-49 Decimator,sw_vt49,Transport,Kuat Drive Yards,maneuveringjets,2,1300,100,1000,,150,50,,180,150,120,80,120,150,PHASE,sw_deflectorshield,360,0.5,1,,,2,30,200,50,0.5,100,11,7500,10,10,200,0.25,2,2,"CIVILIAN, FREIGHTER","sw_lowtech_bp, empire, no_autofit",,0.5,2,2,
Sentinel,sw_sentinel,Shuttle,Sienar Fleet Systems,maneuveringjets,1,1300,100,750,,100,60,,150,100,75,60,100,150,PHASE,sw_deflectorshield,360,0.5,1,,,2,50,100,50,0.5,100,11,5000,10,10,200,0.25,2,2,"CIVILIAN, TRANSPORT","sw_lowtech_bp, empire, no_autofit",,0.5,2,2,
Lambda,sw_lambda,Shuttle,Sienar Fleet Systems,maneuveringjets,1,1000,100,750,,100,50,,200,150,130,90,120,120,PHASE,sw_deflectorshield,360,0.5,1,,,2,30,50,50,0.5,100,11,3000,10,10,200,0.25,2,2,"CIVILIAN, TRANSPORT","base_bp, empire, no_autofit",,0.5,2,2,
EF76 Nebulon-B,sw_nebulon_b,Escort Frigate,Kuat Drive Yards,sw_mediumtractorbeam,5,3000,300,3000,,300,130,1,120,100,75,20,15,300,PHASE,sw_deflectorshield_rebel,360,0.5,1,,,50,100,100,100,1,100,9,30000,10,10,400,0.25,10,10,,"sw_midline_bp, rebel, no_autofit",,0.5,2,2,
Carrack,sw_carrack,Light Cruiser,Damorian Manufacturing Corporation,sw_mediumtractorbeam,10,3500,300,5000,,500,160,,120,100,75,20,15,300,PHASE,sw_deflectorshield,360,0.5,1,,,50,100,100,100,1,100,10,30000,10,10,500,0.25,10,10,,"sw_mideline_bp, empire, rebel, no_autofit",,0.5,2,2,
MC20,sw_mc20,Corvette,Mon Calamari Shipyards,entropyamplifier,5,2500,300,3000,,300,160,1,130,100,75,20,15,250,PHASE,sw_deflectorshield_rebel,360,0.5,1,,,50,100,100,100,1,100,10,35000,10,10,400,0.25,5,5,,"sw_midline_bp, rebel, no_autofit",,0.5,2,2,
Marauder,sw_marauder,Corvette,Republic Sienar Systems,entropyamplifier,3,2000,200,2500,,300,70,,150,100,75,25,20,200,PHASE,sw_deflectorshield_rebel,360,0.5,1,,,30,50,50,100,1,100,10,20000,10,10,350,0.25,5,5,,"sw_lowtech_bp, rebel, no_autofit",,0.5,2,2,
DP-20,sw_dp20,Frigate,Corellian Engineering Corporation,burndrive,3,1500,150,2000,,300,100,,180,150,120,30,20,200,PHASE,sw_deflectorshield_rebel,360,0.5,1,,,10,50,50,100,1,100,11,15000,10,10,350,0.25,5,5,,"sw_lowtech_bp, rebel, no_autofit",,0.5,2,2,
CR-90,sw_cr90,Corvette,Corellian Engineering Corporation,burndrive,3,1500,150,2000,,300,95,,180,150,120,30,20,200,PHASE,sw_deflectorshield_rebel,360,0.5,1,,,10,50,50,100,1,100,11,10000,10,10,350,0.25,5,5,,"sw_lowtech_bp, rebel, no_autofit",,0.5,2,2,
Sphyrna,sw_hammerhead,Hammerhead Corvette,Corellian Engineering Corporation,burndrive,3,1500,150,1500,,300,65,,200,150,120,30,20,200,PHASE,sw_deflectorshield_rebel,360,0.5,1,,,10,50,50,100,1,100,12,10000,10,10,350,0.25,5,5,,"sw_lowtech_bp, rebel, no_autofit",,0.5,2,2,
GR-75,sw_gr75,Transport,Gallofree Yards,burndrive,2,1500,100,1500,,100,50,,170,150,120,30,20,200,PHASE,sw_deflectorshield,360,0.5,1,,,10,100,300,100,1,100,10,10000,10,10,300,0.25,5,5,"CIVILIAN, FREIGHTER, TRANSPORT","sw_lowtech_bp, rebel, no_autofit",,0.5,2,2,
YT-1300,sw_yt1300,Freighter,Corellian Engineering Corporation,maneuveringjets,1,1300,100,1000,,100,40,,300,200,150,35,25,200,PHASE,sw_deflectorshield,360,0.5,1,,,2,30,150,100,1,100,12,5000,10,10,200,0.25,2,2,"CIVILIAN, FREIGHTER","sw_lowtech_bp, rebel, no_autofit",,0.5,2,2,
VCX-100,sw_vcx100,Freighter,Corellian Engineering Corporation,maneuveringjets,1,1300,100,1000,,100,40,,250,200,150,35,25,200,PHASE,sw_deflectorshield,360,0.5,1,,,2,30,100,100,1,100,12,5000,10,10,200,0.25,2,2,"CIVILIAN, FREIGHTER","sw_lowtech_bp, rebel, no_autofit",,0.5,2,2,
,,,,,,,,,,,,,,,,,,,,,,,,,,,,,,,,,,,,,,,,,,,,,,
Subjugator,sw_subjugator,Heavy Cruiser,Free Dac Volunteers Engineering Corps,sw_tractorbeam,60,25000,1750,35000,,2000,650,3,35,20,10,2.5,3,4500,PHASE,sw_deflectorshield_cis,360,0.1,0.8,,,1500,2000,800,500,10,50,7,750000,10,10,1000,0.25,60,60,,"sw_hightech_bp, cis, no_autofit",,0.6,2,4,
Providence,sw_providence_dreadnought,Dreadnought,"Hoersch-Kessel Drive, Inc.",sw_thermalshield,55,23000,1500,25000,,2000,625,3,35,20,15,3,5,4300,PHASE,sw_deflectorshield_cis,360,0.3,0.8,,,1000,1500,700,500,5,100,6,730000,10,10,900,0.25,50,50,,"sw_hightech_bp, cis, no_autofit",,0.6,2,4,
Bulwark Mk.II,sw_bulwark_mk2,Battleship,Techno Union,sw_concentratefire,40,20000,1500,20000,,2000,500,3,50,30,20,3,3,3500,PHASE,sw_deflectorshield_cis,360,0.3,0.8,,,1000,1000,500,300,3,100,7,600000,10,10,800,0.25,40,40,,"sw_hightech_bp, cis, no_autofit",,0.6,2,4,
Providence,sw_providence,Destroyer,"Hoersch-Kessel Drive, Inc.",sw_tacticalanalysis,40,18000,1300,17000,,2000,400,3,55,30,30,5,3,3000,PHASE,sw_deflectorshield_cis,360,0.3,0.9,,,1000,1500,600,300,3,100,7,500000,10,10,750,0.25,40,40,,"sw_hightech_bp, cis, no_autofit",,0.6,2,4,
Recusant,sw_recusant,Light Destroyer,"Hoersch-Kessel Drive, Inc.",sw_tacticalanalysis,35,15000,1000,15000,,1000,270,2,60,35,30,6,5,2700,PHASE,sw_deflectorshield_cis,360,0.3,1,,,400,1000,500,300,3,100,7,450000,10,10,750,0.25,35,35,,"sw_midline_bp, cis, no_autofit",,0.6,2,4,
Bulwark Mk.I,sw_bulwark_mk1,Battleship,Techno Union,sw_concentratefire,30,13000,1500,13000,,1000,350,2,60,40,30,5,5,2500,PHASE,sw_deflectorshield_cis,360,0.3,1,,,400,1000,300,300,2,150,8,430000,10,10,750,0.25,25,25,,"sw_midline_bp, cis, black_sun, no_autofit",,0.6,2,4,
Sabaoth,sw_sabaoth_destroyer,Destroyer,Techno Union,sw_mediumtractorbeam,30,13000,1000,12000,,1000,280,3,65,35,30,7,5,2700,PHASE,sw_deflectorshield_cis,360,0.3,1,,,350,500,500,300,3,100,8,400000,10,10,750,0.25,35,35,,"sw_midline_bp, cis, no_autofit",,0.6,2,4,
Munificent,sw_munificent,Star Frigate,"Hoersch-Kessel Drive, Inc.",sw_tacticalanalysis,25,10000,1000,10000,,1000,410,3,65,45,30,5,5,2500,PHASE,sw_deflectorshield_cis,360,0.3,1,,,300,500,300,300,2,150,8,350000,10,10,750,0.25,25,25,,"sw_midline_bp, cis, no_autofit",,0.6,2,4,
DH-Omni,sw_separatist_supply_ship,Support Vessel,"Hoersch-Kessel Drive, Inc.",fortressshield,10,15000,1000,10000,,1000,130,,60,40,30,5,5,2500,PHASE,sw_deflectorshield_cis,360,0.3,1,,,100,500,1500,1000,2,150,8,200000,10,10,750,0.25,20,20,"CIVILIAN, FREIGHTER","sw_midline_bp, cis, no_autofit",,0.6,2,4,
Hardcell,sw_hardcell,Interstellar Transport,Techno Union,burndrive,5,2000,150,2000,,300,40,,150,100,75,25,20,200,PHASE,sw_deflectorshield_rebel,360,0.5,1,,,10,500,1000,500,1,100,10,20000,10,10,350,0.25,5,5,"CIVILIAN, FREIGHTER","sw_lowtech_bp, cis, no_autofit",,0.5,2,2,
C-9979,sw_c9979,Landing Craft,Haor Chall Engineering,sw_pointdefensesystem,5,2500,150,2000,,300,70,3,100,50,25,15,5,200,PHASE,sw_deflectorshield_rebel,360,0.5,1,,,10,1000,500,300,1,100,10,20000,10,10,350,0.25,5,5,"CARRIER, TRANSPORT","sw_lowtech_bp, cis, no_autofit",,0.5,2,2,
Diamond,sw_diamond,Cruiser,Commerce Guild,maneuveringjets,5,1500,150,2000,,300,45,,170,100,75,25,20,200,PHASE,sw_deflectorshield_cis,360,0.5,1,,,10,150,300,300,1,100,10,15000,10,10,350,0.25,5,5,"CIVILIAN, TRANSPORT","sw_lowtech_bp, cis, no_autofit",,0.5,2,2,
Sheathipede,sw_sheathipede,Transport Shuttle,Haor Chall Engineering,burndrive,1,1300,100,750,,100,30,,200,150,130,90,120,120,PHASE,sw_deflectorshield_cis,360,0.5,1,,,4,30,150,50,1,100,11,3000,10,10,200,0.25,2,2,"CIVILIAN, TRANSPORT","sw_lowtech_bp, cis, no_autofit",,0.5,2,2,
,,,,,,,,,,,,,,,,,,,,,,,,,,,,,,,,,,,,,,,,,,,,,,
Mandator II,sw_mandator_ii,Star Dreadnought,Kuat Drive Yards,sw_tractorbeam,65,45000,2000,40000,,2500,740,4,30,20,10,2,2,4500,PHASE,sw_deflectorshield,360,0.1,0.8,,,1500,2000,1000,1000,10,50,8,800000,10,10,1000,0.25,60,60,,"sw_hightech_bp, republic, no_autofit",,0.6,2,4,
Mandator I,sw_mandator_i,Star Dreadnought,Kuat Drive Yards,sw_concentratefire,65,45000,1750,35000,,2500,710,4,25,15,10,2,2,4500,PHASE,sw_deflectorshield,360,0.1,0.8,,,1500,2000,1000,1000,10,50,8,750000,10,10,1000,0.25,60,60,,"sw_hightech_bp, republic, no_autofit",,0.6,2,4,
Praetor,sw_praetor,Battlecruiser,Kuat Drive Yards,sw_concentratefire,60,25000,1750,33000,,2000,690,3,35,20,10,2.5,3,4500,PHASE,sw_deflectorshield,360,0.1,0.8,,,1500,2000,800,500,10,50,7,730000,10,10,1000,0.25,60,60,,"sw_hightech_bp, republic, no_autofit",,0.6,2,4,
Procurator,sw_procurator,Star Battlecruiser,Kuat Drive Yards,sw_concentratefire,60,24000,1750,30000,,2000,710,3,35,20,10,2.5,3,4300,PHASE,sw_deflectorshield,360,0.1,0.8,,,1500,2000,700,500,10,50,7,730000,10,10,1000,0.25,60,60,,"sw_hightech_bp, republic, no_autofit",,0.6,2,4,
Rothana,sw_rothana_battlecruiser,Battlecruiser,Rothana Heavy Engineering,sw_tractorbeam,55,23000,1750,25000,,2000,700,4,40,20,10,2.5,3,4000,PHASE,sw_deflectorshield,360,0.1,0.8,,,1000,2000,600,500,10,50,7,700000,10,10,1000,0.25,55,55,,"sw_hightech_bp, republic, no_autofit",,0.6,2,4,
Legacy,sw_legacy,Star Destroyer,Kuat Drive Yards,sw_concentratefire,45,18000,1500,17000,,1500,500,3,55,25,20,3,3,3700,PHASE,sw_deflectorshield,360,0.1,0.9,,,750,1000,500,300,3,100,8,530000,10,10,750,0.25,45,45,,"sw_hightech_bp, republic, no_autofit",,0.6,2,4,
Arquitens,sw_arquitens_republic,Light Cruiser,Kuat Drive Yards,entropyamplifier,5,3000,300,3000,,300,110,1,120,100,75,20,15,300,PHASE,sw_deflectorshield,360,0.5,1,,,50,100,100,100,1,100,9,30000,10,10,400,0.25,10,10,,"sw_midline_bp, republic, no_autofit",,0.5,2,2,
IPV-2C,sw_ipv2c,Stealth Corvette,Sienar Design Systems,maneuveringjets,5,2500,300,3000,,300,60,,190,150,120,30,20,150,PHASE,phasecloak,90,,,0.05,0.05,10,50,100,100,1,100,11,15000,10,10,350,0.25,5,5,,"sw_midline_bp, republic, no_autofit",,0.5,2,2,
Consular,sw_consular,Space Cruiser,Corellian Engineering Corporation,burndrive,3,1500,150,1500,,300,60,,180,150,120,30,20,200,PHASE,sw_deflectorshield,360,0.5,1,,,10,50,50,100,1,100,11,10000,10,10,350,0.25,5,5,,"sw_lowtech_bp, republic, no_autofit",,0.5,2,2,
Pelta,sw_pelta,Frigate,Kuat Drive Yards,maneuveringjets,5,2500,300,3000,,300,90,,150,100,75,20,15,300,PHASE,sw_deflectorshield,360,0.5,1,,,30,100,100,100,1,100,9,10000,10,10,400,0.25,5,5,FREIGHTER,"sw_lowtech_bp, republic, no_autofit",,0.5,2,2,
Nu,sw_nu,Attack Shuttle,Cygnus Spaceworks,burndrive,2,1300,100,750,,100,40,,200,150,130,90,120,120,PHASE,sw_deflectorshield,360,0.5,1,,,2,30,100,50,1,100,11,3500,10,10,200,0.25,2,2,"CIVILIAN, TRANSPORT","sw_lowtech_bp, republic, no_autofit",,0.5,2,2,
Eta,sw_eta,Shuttle,Cygnus Spaceworks,burndrive,1,1000,100,750,,100,40,,230,150,130,90,120,120,PHASE,sw_deflectorshield,360,0.5,1,,,3,30,100,50,1,100,11,3000,10,10,200,0.25,2,2,"CIVILIAN, TRANSPORT","sw_lowtech_bp, republic, no_autofit",,0.5,2,2,
,,,,,,,,,,,,,,,,,,,,,,,,,,,,,,,,,,,,,,,,,,,,,,
Aggressor,sw_aggressor,Star Destroyer,Zann Consortium,sw_tractorbeam,45,17000,1500,20000,,1500,370,3,50,30,25,5,5,3500,PHASE,sw_deflectorshield_zann,360,0.1,0.8,,,700,1000,500,300,3,100,7,550000,10,10,800,0.25,40,40,,"sw_hightech_bp, zann, no_autofit",,0.6,2,4,
Aggressor,sw_aggressor_mandalorian,Star Destroyer,Mandal Hypernautics,sw_tractorbeam,45,17000,1500,20000,,1500,390,3,50,30,25,5,5,3500,PHASE,sw_deflectorshield_zann,360,0.1,0.8,,,700,1000,500,300,3,100,7,550000,10,10,800,0.25,40,40,,"sw_hightech_bp, mandal, no_autofit",,0.6,2,4,
Kandosii,sw_kandosii,Dreadnought,Mandal Hypernautics,sw_concentratefire,40,15000,1300,17500,,1500,410,3,55,30,25,3,3,3000,PHASE,sw_deflectorshield_zann,360,0.1,0.9,,,600,1000,400,300,3,100,7,500000,10,10,800,0.25,35,35,,"sw_hightech_bp, mandal, no_autofit",,0.6,2,4,
Keldabe,sw_keldabe,Battlecruiser,Mandal Hypernautics,sw_shieldleecher,30,13000,1000,15000,,1500,450,3,60,30,20,5,5,2800,PHASE,sw_deflectorshield_zann,360,0.1,1,,,500,1000,300,300,3,100,7,400000,10,10,800,0.25,30,30,,"sw_hightech_bp, mandal, zann, no_autofit",,0.6,2,4,
Vengeance,sw_vengeance_frigate,Frigate,Zann Consortium,sw_pointdefensesystem,25,10000,1500,7500,,1000,220,,65,30,20,10,5,2300,PHASE,phasecloak,90,,,0.05,0.05,200,500,200,300,2,150,8,300000,10,10,700,0.25,25,25,,"sw_midline_bp, zann, black_sun, no_autofit",,0.6,2,4,
Ajuur,sw_ajuur,Heavy Cruiser,Hutt Cartel,sw_concentratefire,25,12000,1000,10000,,1000,370,,60,40,30,5,5,2500,PHASE,sw_deflectorshield_zann,360,0.3,1,,,400,1000,300,300,2,150,8,400000,10,10,750,0.25,25,25,,"sw_midline_bp, mandal, blacksun, no_autofit",,0.6,2,4,
Teroch,sw_teroch,Cruiser,Mandal Hypernautics,sw_concentratefire,15,7000,1000,7000,,500,150,1,80,50,40,10,5,2000,PHASE,sw_deflectorshield_zann,360,0.3,1,,,300,500,250,300,2,150,8,250000,10,10,700,0.25,20,20,,"sw_midline_bp, mandal, no_autofit",,0.6,2,4,
Corona,sw_corona,Armed Frigate,Haor Chall Engineering,sw_mediumtractorbeam,15,5000,750,5000,,500,210,1,100,50,50,30,30,1500,PHASE,sw_deflectorshield_zann,360,0.5,1,,,100,500,250,300,2,150,9,200000,10,10,700,0.25,15,15,,"sw_midline_bp, zann, black_sun, no_autofit",,0.6,2,4,
Jehavey'ir,sw_jehaveyir,Assault Ship,Mandal Hypernautics,sw_pointdefensesystem,10,3000,500,3000,,300,140,,130,60,40,30,30,500,PHASE,sw_deflectorshield_zann,360,0.5,1,,,50,200,150,200,2,100,9,30000,10,10,500,0.25,10,10,,"sw_lowtech_bp, mandal, no_autofit",,0.5,2,2,
Interceptor IV,sw_interceptor_iv,Frigate,Corellian Engineering Corporation,sw_pointdefensesystem,5,1700,150,2500,,300,100,,150,100,50,30,30,250,PHASE,sw_deflectorshield_zann,360,0.5,1,,,20,50,50,100,1,100,9,15000,10,10,400,0.25,5,5,,"sw_lowtech_bp, zann, black_sun, mandal, no_autofit",,0.5,2,2,
Crusader,sw_crusader,Corvette,Mandal Hypernautics,sw_pointdefensesystem,3,1700,150,2000,,300,70,,180,150,120,40,30,200,PHASE,sw_deflectorshield_zann,360,0.5,1,,,10,50,50,100,1,100,10,12000,10,10,400,0.25,5,5,,"sw_lowtech_bp, mandal, zann, no_autofit",,0.5,2,2,
IPV-1,sw_ipv1,System Patrol Craft,Sienar Fleet Systems,maneuveringjets,3,1500,150,2000,,300,70,,180,150,120,50,25,200,PHASE,sw_deflectorshield,360,0.5,1,,,10,50,50,100,1,100,10,11000,10,10,400,0.25,5,5,,"sw_lowtech_bp, mandal, zann, black_sun, no_autofit",,0.5,2,2,
Trireme,sw_trireme,Corvette,Kuat Drive Yards,maneuveringjets,3,1500,150,1500,,300,100,,180,150,120,50,30,200,PHASE,sw_deflectorshield_zann,360,0.5,1,,,10,50,50,100,1,100,10,10000,10,10,350,0.25,3,5,,"sw_lowtech_bp, black_sun, zann, no_autofit",,0.5,2,2,
Gozanti,sw_gozanti_black_sun,Assault Cruiser,Corellian Engineering Corporation,maneuveringjets,2,1500,100,1000,,300,60,1,180,150,120,60,100,150,PHASE,sw_deflectorshield_zann,360,0.5,1,,,10,30,300,100,1,100,11,10000,10,10,300,0.25,3,5,,"sw_lowtech_bp, black_sun, no_autofit",,0.5,2,2,
Aeg-77 Vigo,sw_aeg77,Transport,Xizor Transport Systems,maneuveringjets,2,1500,100,1000,,200,60,,180,150,120,80,120,150,PHASE,sw_deflectorshield_zann,360,0.5,1,,,5,50,250,50,0.5,100,11,7500,10,10,200,0.25,2,2,"CIVILIAN, FREIGHTER","sw_lowtech_bp, black_sun, zann, no_autofit",,0.5,2,2,
ST-70,sw_st70,Assault Ship,Mandal Hypernautics,maneuveringjets,2,1500,100,1000,,200,50,,200,150,100,80,120,100,PHASE,sw_deflectorshield,360,0.5,1,,,1,50,250,50,0.5,100,12,5000,10,10,200,0.25,2,2,"CIVILIAN,TRANSPORT","sw_lowtech_bp, mandal",,0.5,2,2,
Dreadnought,sw_dreadnought_carrier,Carrier,Rendili StarDrive,sw_probedroid,15,5000,750,5000,,500,160,4,90,50,40,15,10,1500,PHASE,sw_deflectorshield,360,0.5,1,,,200,500,250,300,2,150,9,250000,10,10,700,0.25,15,15,CARRIER,"sw_lowtech_bp, black_sun, mandal, zann, no_autofit",,0.6,2,4,
Venator,sw_venator_black_sun,Star Destroyer,Kuat Drive Yards,sw_requestescort_blacksun,30,15000,1000,15000,,1000,350,5,60,35,25,7,5,2700,PHASE,sw_deflectorshield_zann,360,0.3,0.9,,,500,1000,600,300,3,100,8,400000,10,10,800,0.25,35,35,CARRIER,"sw_midline_bp, black_sun, no_autofit",,0.6,2,4,
,,,,,,,,,,,,,,,,,,,,,,,,,,,,,,,,,,,,,,,,,,,,,,
Secutor ,sw_secutor,Star Destroyer,Kuat Drive Yards,sw_requestescort_imperial,55,25000,1500,25000,,2000,730,6,35,20,15,3,5,4300,PHASE,sw_deflectorshield,360,0.1,0.8,,,1000,1500,700,500,5,100,7,730000,10,10,900,0.25,55,55,CARRIER,"sw_hightech_bp, empire, no_autofit",,0.6,2,4,
Consolidator,sw_consolidator,Corps Assault Ship,Kuat Drive Yards,sw_requestescort_imperial,45,20000,1500,20000,,1500,400,5,45,30,20,3,5,3500,PHASE,sw_deflectorshield,360,0.1,0.8,,,750,1500,500,300,3,100,8,600000,10,10,800,0.25,45,45,CARRIER,"sw_hightech_bp, empire, no_autofit",,0.6,2,4,
Venator,sw_venator_imperial,Star Destroyer,Kuat Drive Yards,sw_requestescort_imperial,30,15000,1000,12000,,1000,350,5,65,35,25,7,5,2700,PHASE,sw_deflectorshield,360,0.3,0.9,,,500,1000,600,300,3,100,8,400000,10,10,800,0.25,35,35,CARRIER,"sw_midline_bp, empire, no_autofit",,0.6,2,4,
Gladiator,sw_gladiator,Carrier,Kuat Drive Yards,sw_requestescort_imperial,25,10000,750,7000,,1000,250,4,60,30,20,20,10,2000,PHASE,sw_deflectorshield,360,0.3,1,,,250,500,250,300,2,150,8,100000,10,10,700,0.25,25,25,CARRIER,"sw_midline_bp, empire, no_autofit",,0.5,2,3,
Ton-Falk,sw_ton_falk,Carrier,Kuat Drive Yards,sw_probedroid,20,7500,500,5000,,500,160,4,80,50,30,25,25,9000,PHASE,sw_deflectorshield,360,0.5,1,,,100,250,150,100,1,150,9,50000,10,10,350,0.25,20,20,CARRIER,"sw_lowtech_bp, empire, rebel, no_autofit",,0.5,2,3,
,,,,,,,,,,,,,,,,,,,,,,,,,,,,,,,,,,,,,,,,,,,,,,
Mon Calamari Heavy,sw_mc_heavy,Carrier,Mon Calamari Shipyards,sw_shieldsboost,45,18000,1500,20000,,1500,470,5,50,25,20,10,10,3250,PHASE,sw_deflectorshield_rebel,360,0.5,0.8,,,750,1000,500,300,3,100,8,650000,10,10,800,0.25,45,45,CARRIER,"sw_hightech_bp, rebel, no_autofit",,0.6,2,4,
MC75,sw_mc75,Star Cruiser,Mon Calamari Shipyards,sw_requestescort_rebel,40,17500,1000,20000,,1500,400,5,50,30,20,10,10,2700,PHASE,sw_deflectorshield_rebel,360,0.5,0.8,,,750,1000,500,300,3,100,8,550000,10,10,750,0.25,40,40,CARRIER,"sw_hightech_bp, rebel, no_autofit",,0.6,2,4,
Liberator,sw_liberator,Cruiser,SoroSuub Corporation,sw_requestescort_rebel,30,10000,750,7000,,1000,280,4,60,30,20,20,10,2000,PHASE,sw_deflectorshield_rebel,360,0.5,1,,,300,500,250,300,2,150,8,100000,10,10,700,0.25,25,25,CARRIER,"sw_midline_bp, rebel",,0.5,2,3,
Quasar Fire,sw_quasar,Bulk Carrier,SoroSuub Corporation,reservewing,15,5000,300,3000,,500,100,4,100,70,50,25,25,800,PHASE,sw_deflectorshield,360,0.5,1,,,100,200,100,100,1,150,9,30000,10,10,350,0.25,15,15,CARRIER,"sw_lowtech_bp, empire, rebel, no_autofit",,0.5,2,3,
,,,,,,,,,,,,,,,,,,,,,,,,,,,,,,,,,,,,,,,,,,,,,,
Venator,sw_venator_republic,Star Destroyer,Kuat Drive Yards,sw_requestescort_republic,30,15000,1000,15000,,1000,350,5,60,35,25,7,5,2700,PHASE,sw_deflectorshield,360,0.3,0.9,,,500,1000,600,300,3,100,8,400000,10,10,800,0.25,35,35,CARRIER,"sw_midline_bp, republic, no_autofit",,0.6,2,4,
Proclamator,sw_proclamator,Star Frigate,Kuat Drive Yards,sw_requestescort_republic,25,13000,1000,13000,,1000,390,4,65,45,30,10,5,2300,PHASE,sw_deflectorshield,360,0.3,1,,,200,500,300,300,3,100,8,350000,10,10,700,0.25,25,25,CARRIER,"sw_midline_bp, republic, no_autofit",,0.6,2,4,
Battlesphere,sw_core_ship,Core Ship,"Hoersch-Kessel Drive, Inc.",sw_probedroid,20,8000,750,7000,,1000,220,4,55,30,30,10,5,2000,PHASE,sw_deflectorshield_cis,360,0.3,1,,,200,500,400,500,3,100,9,250000,10,10,600,0.25,20,20,CARRIER,"sw_midline_bp, cis, no_autofit",,0.6,2,4,
Captor,sw_captor,Heavy Munitions Cruiser,Kuat Drive Yards,sw_shieldsboost,25,10000,800,8000,,1000,210,4,60,30,20,20,10,2000,PHASE,sw_deflectorshield_cis,360,0.3,1,,,200,500,250,300,2,150,8,100000,10,10,700,0.25,25,25,CARRIER,"sw_midline_bp, cis, no_autofit",,0.5,2,3,
Auxilia,sw_auxilia,Pursuit Destroyer,Kuat Drive Yards,sw_mediumtractorbeam,30,15000,1000,10000,,1000,310,4,65,30,20,20,10,2000,PHASE,sw_deflectorshield_cis,360,0.3,1,,,200,500,500,300,2,150,8,100000,10,10,700,0.25,30,30,CARRIER,"sw_midline_bp, cis, no_autofit",,0.5,2,3,
Lucrehulk,sw_lucrehulk,Battleship,"Hoersch-Kessel Drive, Inc.",sw_pointdefensesystem,60,25000,1500,25000,,2000,450,8,35,15,10,3,5,4300,PHASE,sw_deflectorshield_cis,360,0.1,0.8,,,1300,2000,1500,1000,5,100,6,750000,10,10,900,0.25,50,50,CARRIER,"sw_hightech_bp, rebel, cis, no_autofit",,0.6,2,4,
,,,,,,,,,,,,,,,,,,,,,,,,,,,,,,,,,,,,,,,,,,,,,,
Mandator IV,sw_mandator_iv,Siege Dreadnought,Kuat-Entralla Engineering,sw_tractorbeam,65,55000,2000,45000,,2500,300,4,25,20,10,2,2,5000,PHASE,sw_deflectorshield,360,0.1,0.8,,,5000,10000,1000,1000,10,50,5,4000000,10,10,1000,0.25,65,65,,"sw_hightech_bp, first_order, no_autofit",,0.6,2,4,
Resurgent,sw_resurgent,Star Destroyer,Kuat-Entralla Engineering,sw_concentratefire,55,29000,2000,30000,,2500,670,3,30,20,10,3,3,4500,PHASE,sw_deflectorshield,360,0.1,0.8,,,2000,3500,800,500,10,50,6,750000,10,10,1000,0.25,55,55,,"sw_hightech_bp, first_order, no_autofit",,0.6,2,4,
First Order Interdictor,sw_first_order_interdictor,Star Destroyer,Kuat-Entralla Engineering,sw_gravitywellgenerator,45,17000,1000,17500,,1500,410,1,50,30,20,3,3,3500,PHASE,sw_deflectorshield,360,0.1,0.9,,,750,1000,500,300,3,100,7,550000,10,10,800,0.25,40,40,,"sw_hightech_bp, first_order, no_autofit",,0.6,2,4,
Maxima-A,sw_maxima_a,Heavy Cruiser,Kuat-Entralla Engineering,sw_concentratefire,40,15000,1000,15000,,1000,320,2,55,25,20,5,3,3000,PHASE,sw_deflectorshield,360,0.3,0.9,,,500,1000,400,300,3,100,8,500000,10,10,750,0.25,30,30,,"sw_midline_bp, first_order, no_autofit",,0.6,2,4,
Dissident,sw_dissident,Light Cruiser,Kuat-Entralla Engineering,sw_mediumtractorbeam,20,10000,1000,7000,,500,170,1,75,50,40,10,5,2000,PHASE,sw_deflectorshield,360,0.3,1,,,300,500,250,300,2,150,8,230000,10,10,700,0.25,20,20,,"sw_midline_bp, first_order, no_autofit",,0.6,2,4,
First Order,sw_first_order_light_cruiser,Light Cruiser,Kuat-Entralla Engineering,entropyamplifier,5,3000,300,3000,,300,90,1,120,100,75,20,15,300,PHASE,sw_deflectorshield,360,0.5,1,,,50,100,100,100,1,100,9,30000,10,10,400,0.25,10,10,,"sw_lowtech_bp, first_order, no_autofit",,0.5,2,2,
First Order,sw_first_order_carrier,Carrier,Kuat-Entralla Engineering,sw_probedroid,20,7500,500,5000,,500,180,4,80,50,30,25,25,9000,PHASE,sw_deflectorshield,360,0.5,1,,,100,250,150,100,1,150,9,50000,10,10,350,0.25,20,20,CARRIER,"sw_midline_bp, first_order, no_autofit",,0.5,2,3,
Nebulon K,sw_nebulon_k,Frigate,Kuat-Entralla Engineering,sw_mediumtractorbeam,5,3000,300,3000,,300,130,1,120,100,75,20,15,300,PHASE,sw_deflectorshield,360,0.5,1,,,50,100,100,100,1,100,9,30000,10,10,400,0.25,10,10,,"sw_midline_bp, first_order, no_autofit",,0.5,2,2,
,,,,,,,,,,,,,,,,,,,,,,,,,,,,,,,,,,,,,,,,,,,,,,
Intego,sw_intego,Battlecruiser,Chiss Ascendancy,sw_concentratefire,55,25000,1750,25000,,1500,590,3,40,20,10,2.5,3,4000,PHASE,sw_deflectorshield,360,0.1,0.8,,,1000,1500,500,500,5,100,7,700000,10,10,1000,0.25,50,50,,"sw_hightech_bp, chiss, no_autofit",,0.6,2,4,
Phalanx,sw_phalanx,Heavy Destroyer,Chiss Ascendancy,sw_tractorbeam,45,18000,1500,20000,,1500,510,3,50,30,20,3,3,3500,PHASE,sw_deflectorshield,360,0.1,0.8,,,750,1000,500,300,3,100,7,550000,10,10,800,0.25,40,40,,"sw_hightech_bp, chiss, no_autofit",,0.6,2,4,
Syndic,sw_syndic,Destroyer,Chiss Ascendancy,sw_concentratefire,40,18000,1300,20000,,1500,420,3,50,30,20,3,3,3500,PHASE,sw_deflectorshield,360,0.1,0.9,,,750,1000,500,300,3,100,7,550000,10,10,800,0.25,35,35,,"sw_hightech_bp, chiss, no_autofit",,0.6,2,4,
Peltast,sw_peltast,Star Destroyer,Chiss Ascendancy,sw_mediumtractorbeam,35,15000,1000,15000,,1000,290,1,55,25,20,5,3,3000,PHASE,sw_deflectorshield,360,0.3,0.9,,,500,1000,400,300,3,100,8,500000,10,10,750,0.25,30,30,,"sw_midline_bp, chiss, no_autofit",,0.6,2,4,
Chaf,sw_chaf,Destroyer,Chiss Ascendancy,sw_concentratefire,30,13000,1000,10000,,1000,340,2,60,40,30,5,5,2500,PHASE,sw_deflectorshield,360,0.3,1,,,400,1000,300,300,2,150,8,400000,10,10,750,0.25,25,25,,"sw_midline_bp, chiss, no_autofit",,0.6,2,4,
Kynigos,sw_kynigos,Heavy Frigate,Chiss Ascendancy,sw_mediumtractorbeam,13,7500,750,6000,,500,140,1,75,50,40,10,10,2000,PHASE,sw_deflectorshield,360,0.3,1,,,300,500,250,300,2,150,8,200000,10,10,700,0.25,20,20,,"sw_midline_bp, chiss, no_autofit",,0.6,2,4,
Fruoro,sw_fruoro,Frigate,Chiss Ascendancy,sw_concentratefire,5,2700,300,3000,,300,110,,120,100,75,20,15,300,PHASE,sw_deflectorshield,360,0.5,1,,,50,100,100,100,1,100,9,30000,10,10,400,0.25,10,10,,"sw_midline_bp, chiss, no_autofit",,0.5,2,2,
Syzygos,sw_syzygos,Corvette,Chiss Ascendancy,sw_pointdefensesystem,3,1500,150,2000,,300,60,,180,150,120,30,20,200,PHASE,sw_deflectorshield,360,0.5,1,,,10,50,50,100,1,100,11,10000,10,10,350,0.25,5,5,,"sw_lowtech_bp, chiss, no_autofit",,0.5,2,2,
Ascendancy,sw_ascendancy,Star Destroyer,Chiss Ascendancy,sw_mediumtractorbeam,40,15000,1000,15000,,1000,410,5,55,25,20,5,3,3000,PHASE,sw_deflectorshield,360,0.3,0.9,,,500,1000,400,300,3,100,8,500000,10,10,750,0.25,30,30,CARRIER,"sw_midline_bp, chiss, no_autofit",,0.6,2,4,
Ormos,sw_ormos,Light Cruiser,Chiss Ascendancy,reservewing,15,5000,300,3000,,500,140,4,100,70,50,25,25,800,PHASE,sw_deflectorshield,360,0.5,1,,,100,200,100,100,1,150,9,30000,10,10,350,0.25,15,15,CARRIER,"sw_lowtech_bp, chiss, no_autofit",,0.5,2,3,
,,,,,,,,,,,,,,,,,,,,,,,,,,,,,,,,,,,,,,,,,,,,,,
TIE/ln,sw_tie_fighter,,Sienar Fleet Systems,,,200,35,150,,50,0,,200,100,50,80,80,10,NONE,,0,0,0,,,1,1,,,,,,,,,,,,,,,,0,,,
TIE/IN,sw_tie_interceptor,,Sienar Fleet Systems,,,150,30,150,,50,0,,240,120,60,100,100,10,NONE,,0,0,0,,,1,1,,,,,,,,,,,,,,,,0,,,
TIE/sa,sw_tie_bomber,,Sienar Fleet Systems,,,200,40,150,,50,0,,160,80,40,80,80,20,NONE,,0,0,0,,,1,1,,,,,,,,,,,,,,,,0,,,
TIE/rp Reaper,sw_tie_reaper,,Sienar Fleet Systems,sw_resupplyfighter,,250,30,150,,100,0,,180,90,45,60,30,20,OMNI,,360,0,1,,,1,1,,,,,,,,,,,,,,,,0,,,
TIE/AG Aggressor,sw_tie_aggressor,,Sienar Fleet Systems,,,250,50,150,,100,0,,220,110,55,90,90,20,NONE,,0,0,0,,,1,1,,,,,,,,,,,,,,,,0,,,
TIE Advanced X1,sw_tie_advanced,,Sienar Fleet Systems,,,200,45,150,,100,0,,210,105,55,100,100,20,OMNI,,360,0,1,,,1,1,,,,,,,,,,,,,,,,0,,,
TIE Oppressor,sw_tie_oppressor,,Sienar Fleet Systems,,,300,60,150,,100,0,,200,100,50,75,75,30,OMNI,,360,0,1,,,1,1,,,,,,,,,,,,,,,,0,,,
TIE/D Automated,sw_tie_automated,,Sienar Fleet Systems,sw_friendlyhunt,,250,50,150,,100,0,,200,100,50,90,90,10,NONE,,0,0,0,,,0,0,,,,,,,,,,,,,,,,0,,,
TIE/D Defender,sw_tie_defender,,Sienar Fleet Systems,,,250,75,250,,100,0,,360,180,90,110,110,20,OMNI,,360,0,1,,,1,1,,,,,,,,,,,,,,,,0,,,
TIE/HU Hunter,sw_tie_hunter,,Sienar Fleet Systems,,,200,60,250,,100,0,,240,120,60,100,100,10,OMNI,,360,0,1,,,1,1,,,,,,,,,,,,,,,,0,,,
TIE/IT Interdictor,sw_tie_interdictor,,Sienar Fleet Systems,,,300,75,250,,100,0,,200,100,50,70,70,30,OMNI,,360,0,1,,,1,1,,,,,,,,,,,,,,,,0,,,
Tie Predator,sw_tie_predator,,Sienar Fleet Systems,sw_friendlyhunt,,250,70,250,,100,0,,240,120,60,100,100,10,OMNI,,360,0,1,,,1,1,,,,,,,,,,,,,,,,0,,,
TIE/ph Phantom,sw_tie_phantom,,Sienar Fleet Systems,,,250,70,500,,100,0,,220,110,55,90,90,20,PHASE,phasecloak,90,,,0.5,0.5,1,1,,,,,,,,,,,,,,,,0,,,
TIE/ad Avenger,sw_tie_avenger,,Sienar Fleet Systems,,,200,40,150,,100,0,,266,133,65,80,80,10,OMNI,,360,0,1,,,1,1,,,,,,,,,,,,,,,,0,,,
Missile Boat,sw_missile_boat,,Cygnus Spaceworks,,,400,75,300,,100,0,,220,110,55,75,75,30,OMNI,,360,0,1,,,1,1,,,,,,,,,,,,,,,,0,,,
GAT-12 Skipray Blastboat,sw_skipray,,Sienar Fleet Systems,,,500,75,300,,100,0,,182,91,45,70,70,40,OMNI,,360,0,1,,,4,4,,,,,,,,,,,,,,,,0,,,
Ye-4,sw_ye4,,Sienar Fleet Systems,,,750,100,500,,100,0,,200,100,50,60,30,50,OMNI,,360,0,1,,,5,5,,,,,,,,,,,,,,,,0,,,
Gamma-class,sw_gamma,,Telgorn Corporation,sw_wftractorbeam,,750,100,500,,100,0,,130,65,35,60,30,50,OMNI,,360,0,1,,,5,5,,,,,,,,,,,,,,,,0,,,
Alpha-class Xg-1 Star Wing,sw_xg1_starwing,,Cygnus Spaceworks,,,400,75,300,,100,0,,180,90,45,70,70,30,OMNI,,360,0,1,,,1,1,,,,,,,,,,,,,,,,0,,,
X-wing TwinTail,sw_x83_tl,,Incom Corporation,,,200,75,250,,100,0,,240,120,60,100,100,15,OMNI,,360,0,1,,,1,1,,,,,,,,,,,,,,,,0,,,
T-85 X-wing,sw_t85_xwing,,Incom-FreiTek,,,250,75,250,,100,0,,240,120,60,100,100,15,OMNI,,360,0,1,,,1,1,,,,,,,,,,,,,,,,0,,,
Defender,sw_defender,,Republic Engineering Corporation,,,200,70,250,,100,0,,220,110,55,110,110,10,OMNI,,360,0,1,,,1,1,,,,,,,,,,,,,,,,0,,,
BTL-S8 K-wing,sw_kwing,,Koensayr Manufacturing,,,300,75,250,,100,0,,200,100,50,70,70,30,OMNI,,360,0,1,,,2,2,,,,,,,,,,,,,,,,0,,,
UT-60D U-wing,sw_uwing,,Incom Corporation,sw_resupplyfighter,,300,70,250,,100,0,,190,95,45,60,60,30,OMNI,,360,0,1,,,2,2,,,,,,,,,,,,,,,,0,,,
T-70 X-wing,sw_t70_xwing,,Incom-FreiTek,,,250,50,150,,100,0,,220,110,55,80,80,20,OMNI,,360,0,1,,,1,1,,,,,,,,,,,,,,,,0,,,
E-7 E-wing,sw_ewing,,FreiTek Inc.,,,200,45,150,,100,0,,240,120,60,90,90,10,OMNI,,360,0,1,,,1,1,,,,,,,,,,,,,,,,0,,,
A/SF-01 B-wing,sw_bwing,,Slayn & Korpil,,,300,60,150,,100,0,,182,91,45,70,70,30,OMNI,,360,0,1,,,1,1,,,,,,,,,,,,,,,,0,,,
R60 T-wing,sw_twing,,"Hoersch-Kessel Drive, Inc.",sw_friendlyhunt,,250,45,150,,100,0,,222,111,55,90,90,10,OMNI,,360,0,1,,,1,1,,,,,,,,,,,,,,,,0,,,
T-65B X-wing,sw_t65b_xwing,,Incom Corporation,,,200,25,150,,50,0,,200,100,40,75,75,20,OMNI,,360,0,1,,,1,1,,,,,,,,,,,,,,,,0,,,
RZ-1 A-wing,sw_awing,,Kuat Systems Engineering,,,150,20,150,,50,0,,240,120,60,90,90,10,OMNI,,360,0,1,,,1,1,,,,,,,,,,,,,,,,0,,,
BTL Y-wing,sw_ywing,,Koensayr Manufacturing,,,200,35,150,,50,0,,160,80,40,60,60,30,OMNI,,360,0,1,,,1,1,,,,,,,,,,,,,,,,0,,,
Z-95 Headhunter,sw_zwing,,Incom Corporation,sw_friendlyhunt,,200,20,150,,50,0,,200,100,50,70,70,20,OMNI,,360,0,1,,,1,1,,,,,,,,,,,,,,,,0,,,
,,,,,,,,,,,,,,,,,,,,,,,,,,,,,,,,,,,,,,,,,,,,,,
Clone Z-95 Headhunter,sw_z95,,Incom Corporation,,,200,25,150,,50,0,,200,100,50,70,70,20,OMNI,,360,0,1,,,1,1,,,,,,,,,,,,,,,,0,,,
V-19 Torrent ,sw_v19,,Slayn & Korpil,,,150,25,150,,50,0,,220,110,55,90,90,10,NONE,,0,0,0,,,1,1,,,,,,,,,,,,,,,,0,,,
A-6,sw_a6,,Kuat Drive Yards,,,150,25,150,,50,0,,220,110,55,90,90,10,OMNI,,0,0,0,,,1,1,,,,,,,,,,,,,,,,0,,,
BTL-B Y-wing,sw_btl_b_ywing,,Koensayr Manufacturing,,,250,35,150,,50,0,,160,80,40,60,60,20,OMNI,,360,0,1,,,2,2,,,,,,,,,,,,,,,,0,,,
Delta-7 Aethersprite-class,sw_delta7,,Kuat Systems Engineering,sw_battlemeditation,,200,25,150,,50,0,,220,110,55,100,100,10,OMNI,,360,0,1,,,1,1,,,,,,,,,,,,,,,,0,,,
Aggressive ReConnaissance-170 ,sw_arc170,,Incom Corporation,,,250,50,200,,100,0,,200,100,50,80,80,20,OMNI,,360,0,1,,,3,3,,,,,,,,,,,,,,,,0,,,
Alpha-3 Nimbus-class V-wing,sw_vwing,,Kuat Systems Engineering,,,250,45,150,,100,0,,220,110,55,100,100,10,OMNI,,360,0,1,,,1,1,,,,,,,,,,,,,,,,0,,,
NTB-630,sw_ntb_630,,Incom Corporation,,,300,60,200,,100,0,,180,90,45,70,70,20,OMNI,,360,0,1,,,2,2,,,,,,,,,,,,,,,,0,,,
Eta-2 Actis-class,sw_eta2,,Kuat Systems Engineering,sw_battlemeditation,,250,45,150,,100,0,,250,125,60,100,100,10,OMNI,,360,0,1,,,1,1,,,,,,,,,,,,,,,,0,,,
Low Altitude Assault Transport,sw_laat,,Rothana Heavy Engineering,sw_resupplyfighter,,350,60,200,,100,0,,100,50,25,70,70,30,NONE,,0,0,0,,,2,2,,,,,,,,,,,,,,,,0,,,
N-1,sw_n1,,Theed Palace Space Vessel Engineering Corps,,,250,30,150,,50,0,,220,110,55,80,80,20,OMNI,,360,0,1,,,1,1,,,,,,,,,,,,,,,,0,,,
NB-1S,sw_nb1s,,Theed Palace Space Vessel Engineering Corps,,,250,50,200,,100,0,,180,90,45,60,60,10,OMNI,,360,0,1,,,1,1,,,,,,,,,,,,,,,,0,,,
Variable Geometry Self-Propelled Battle Droid,sw_vulture_droid,,Haor Chall Engineering,,,200,30,150,,50,0,,200,100,50,70,70,20,NONE,,0,0,0,,,0,0,,,,,,,,,,,,,,,,0,,,
Droid Tri-fighter,sw_droid_tri_fighter,,Colla Designs,,,150,25,150,,50,0,,250,125,60,100,100,10,NONE,,0,0,0,,,0,0,,,,,,,,,,,,,,,,0,,,
Hyena-class,sw_hyena,,Baktoid Armor Workshop,,,250,35,150,,50,0,,200,100,50,70,70,20,NONE,,0,0,0,,,0,0,,,,,,,,,,,,,,,,0,,,
Nantex-class territorial defense,sw_nantex,,Huppla Pasa Tisc Shipwrights Collective,sw_friendlyhunt,,200,25,150,,50,0,,220,110,55,90,90,10,NONE,,0,0,0,,,0,0,,,,,,,,,,,,,,,,0,,,
Scarab-class Droid Starfighter,sw_scarab,,Haor Chall Engineering,,,250,50,200,,100,0,,200,100,50,80,80,20,OMNI,,360,0,1,,,0,0,,,,,,,,,,,,,,,,0,,,
Porax-38 ,sw_porax38,,Buuper Torsckil Abbey Devices,,,200,45,150,,100,0,,220,110,55,100,100,10,OMNI,,360,0,1,,,1,1,,,,,,,,,,,,,,,,0,,,
Belbullab-24,sw_belbullab24,,Feethan Ottraw Scalable Assemblies,,,250,60,200,,100,0,,180,90,45,70,70,30,OMNI,,360,0,1,,,1,1,,,,,,,,,,,,,,,,0,,,
HMP Droid,sw_hmp_droid,,Haor Chall Engineering,sw_resupplyfighter,,350,50,250,,100,0,,100,50,25,70,70,30,OMNI,,360,0,1,,,2,2,,,,,,,,,,,,,,,,0,,,
Scimitar,sw_scimitar,,Republic Sienar Systems,,,250,70,500,,100,0,,240,120,60,90,90,20,PHASE,phasecloak,90,,,0.5,0.5,1,1,,,,,,,,,,,,,,,,0,,,
,,,,,,,,,,,,,,,,,,,,,,,,,,,,,,,,,,,,,,,,,,,,,,
Fang,sw_fang,,MandalMotors,,,200,30,150,,50,0,,200,100,50,90,90,20,OMNI,,360,0,1,,,1,1,,,,,,,,,,,,,,,,0,,,
Cabur,sw_cabur,,MandalMotors,,,250,35,150,,50,0,,180,90,45,60,60,30,OMNI,,360,0,1,,,2,2,,,,,,,,,,,,,,,,0,,,
Rihkxyrk,sw_rihkxyrk,,"TransGalMeg Industries, Incorporated",,,200,30,150,,50,0,,200,100,50,70,70,20,OMNI,,360,0,1,,,1,1,,,,,,,,,,,,,,,,0,,,
StarViper,sw_starviper,,MandalMotors,,,200,25,150,,50,0,,222,111,55,80,80,10,OMNI,,360,0,1,,,1,1,,,,,,,,,,,,,,,,0,,,
CloakShape,sw_cloakshape,,Kuat Systems Engineering,,,250,35,150,,50,0,,186,93,45,70,70,30,OMNI,,360,0,1,,,1,1,,,,,,,,,,,,,,,,0,,,
Kihraxz,sw_kihraxz,,"TransGalMeg Industries, Incorporated",,,250,50,200,,100,0,,220,110,55,90,90,20,OMNI,,360,0,1,,,1,1,,,,,,,,,,,,,,,,0,,,
Aggressor,sw_aggressor_fighter,,"Trilon, Inc.",,,250,50,200,,100,0,,220,110,55,90,90,20,OMNI,,360,0,1,,,1,1,,,,,,,,,,,,,,,,0,,,
Vaksai,sw_vaksai,,"TransGalMeg Industries, Incorporated",,,200,45,150,,100,0,,220,110,55,90,90,10,OMNI,,360,0,1,,,1,1,,,,,,,,,,,,,,,,0,,,
Scurrg H-6,sw_scurrg_h6,,"Nubia Star Drives, Incorporated",,,250,60,200,,100,0,,200,100,50,60,60,30,OMNI,,360,0,1,,,2,2,,,,,,,,,,,,,,,,0,,,
StarViper Mk. II,sw_starviper_mk2,,MandalMotors,,,200,45,150,,100,0,,230,115,60,90,90,10,OMNI,,360,0,1,,,1,1,,,,,,,,,,,,,,,,0,,,
M3-A Scyk,sw_m3a_scyk,,MandalMotors,,,200,45,200,,100,0,,200,100,50,70,70,20,OMNI,,360,0,1,,,1,1,,,,,,,,,,,,,,,,0,,,
M12-L Kimogila,sw_m12l,,MandalMotors,,,250,50,200,,100,0,,180,90,45,70,70,30,OMNI,,360,0,1,,,1,1,,,,,,,,,,,,,,,,0,,,
G1-M4-C Dunelizard,sw_g1m4c,,MandalMotors,,,250,70,250,,100,0,,210,105,50,80,80,20,OMNI,,360,0,1,,,1,1,,,,,,,,,,,,,,,,0,,,
M22-T Krayt,sw_m22t,,MandalMotors,,,300,75,250,,100,0,,200,100,50,70,70,20,OMNI,,360,0,1,,,2,2,,,,,,,,,,,,,,,,0,,,
Ixiyen ,sw_ixiyen,,"TransGalMeg Industries, Incorporated",,,200,60,250,,100,0,,230,115,55,100,100,10,OMNI,,360,0,1,,,1,1,,,,,,,,,,,,,,,,0,,,
Preybird,sw_preybird,,SoroSuub Corporation,,,250,70,250,,100,0,,200,100,50,70,70,20,OMNI,,360,0,1,,,1,1,,,,,,,,,,,,,,,,0,,,
X4 ,sw_x4_gunship,,Incom Corporation,,,400,75,300,,100,0,,160,80,40,60,60,30,OMNI,,360,0,1,,,1,1,,,,,,,,,,,,,,,,0,,,
Flarestar,sw_flarestar,,Surronian Engineering,sw_resupplyfighter,,300,70,250,,100,0,,210,55,25,90,90,30,OMNI,,360,0,1,,,2,2,,,,,,,,,,,,,,,,0,,,
Lancer,sw_lancer_pc,,MandalMotors,,,450,75,300,,100,0,,200,100,50,70,70,30,OMNI,,360,0,1,,,1,1,,,,,,,,,,,,,,,,0,,,
Kom'rk,sw_komrk,,MandalMotors,,,400,75,300,,100,0,,200,100,50,70,70,30,OMNI,,360,0,1,,,1,1,,,,,,,,,,,,,,,,0,,,
,,,,,,,,,,,,,,,,,,,,,,,,,,,,,,,,,,,,,,,,,,,,,,
TIE/fo,sw_tie_fo,,Sienar-Jaemus Fleet Systems,,,200,25,150,,50,0,,260,130,65,75,75,20,OMNI,,360,0,1,,,1,1,,,,,,,,,,,,,,,,0,,,
TIE/sf,sw_tie_sf,,Sienar-Jaemus Fleet Systems,,,150,20,150,,50,0,,280,140,70,90,90,10,OMNI,,360,0,1,,,2,2,,,,,,,,,,,,,,,,0,,,
TIE/se,sw_tie_se,,Sienar-Jaemus Fleet Systems,,,200,35,150,,50,0,,160,80,40,60,60,30,OMNI,,360,0,1,,,1,1,,,,,,,,,,,,,,,,0,,,
TIE/rb Brute,sw_tie_brute,,Sienar-Jaemus Fleet Systems,sw_friendlyhunt,,200,30,150,,100,0,,240,120,60,70,70,20,NONE,,0,0,0,,,1,1,,,,,,,,,,,,,,,,0,,,
TIE Invader,sw_tie_invader,,Sienar-Jaemus Fleet Systems,,,250,50,150,,100,0,,220,110,55,80,80,20,OMNI,,360,0,1,,,1,1,,,,,,,,,,,,,,,,0,,,
TIE/dg Dagger,sw_tie_dagger,,Sienar-Jaemus Fleet Systems,,,200,40,150,,100,0,,240,120,60,80,80,10,OMNI,,360,0,1,,,1,1,,,,,,,,,,,,,,,,0,,,
TIE/es,sw_tie_es,,Sienar-Jaemus Fleet Systems,sw_resupplyfighter,,250,45,150,,100,0,,180,90,45,70,70,30,OMNI,,360,0,1,,,1,1,,,,,,,,,,,,,,,,0,,,
TIE/vn Vendetta,sw_tie_silencer,,Sienar-Jaemus Fleet Systems,,,250,75,250,,100,0,,310,155,75,100,100,20,OMNI,,360,0,1,,,1,1,,,,,,,,,,,,,,,,0,,,
TIE/ba Baron,sw_tie_baron,,Sienar-Jaemus Fleet Systems,,,200,60,250,,100,0,,266,133,65,100,100,10,OMNI,,360,0,1,,,1,1,,,,,,,,,,,,,,,,0,,,
,,,,,,,,,,,,,,,,,,,,,,,,,,,,,,,,,,,,,,,,,,,,,,
Nsiss,sw_nsiss,,Chiss Ascendancy,,,200,30,150,,50,0,,200,100,50,85,85,20,OMNI,,360,0,1,,,1,1,,,,,,,,,,,,,,,,0,,,
Krsiss,sw_krsiss,,Chiss Ascendancy,,,150,20,150,,50,0,,260,130,65,70,70,10,OMNI,,360,0,1,,,1,1,,,,,,,,,,,,,,,,0,,,
Syca,sw_syca,,Chiss Ascendancy,,,200,35,150,,50,0,,200,100,50,65,65,30,OMNI,,360,0,1,,,1,1,,,,,,,,,,,,,,,,0,,,
Scarsiss,sw_scarsiss,,Chiss Ascendancy,,,200,45,150,,100,0,,240,120,60,90,90,10,OMNI,,360,0,1,,,1,1,,,,,,,,,,,,,,,,0,,,
Furion,sw_furion,,Chiss Ascendancy,,,300,60,150,,100,0,,182,91,45,70,70,30,OMNI,,360,0,1,,,1,1,,,,,,,,,,,,,,,,0,,,
,,,,,,,,,,,,,,,,,,,,,,,,,,,,,,,,,,,,,,,,,,,,,,
AA-9 ,sw_aa9,Heavy Freighter,Botajef Shipyards,burndrive,5,7500,200,4000,,500,60,,30,5,3,5,3,3000,PHASE,sw_deflectorshield,360,0.5,1,,,50,200,2000,100,1,100,7,100000,5,10,500,0.25,10,10,"CIVILIAN, FREIGHTER","sw_base_bp, star_wars",,0.7,2,4,
Action VI ,sw_action_vi,Freighter,Corellian Engineering Corporation,burndrive,3,5000,200,3000,,300,40,,40,20,10,10,10,1500,PHASE,sw_deflectorshield,360,0.5,1,,,30,100,1000,100,1,100,7,50000,5,10,300,0.25,5,5,"CIVILIAN, FREIGHTER","sw_base_bp, star_wars",,0.6,2,3,
BFF-1,sw_bff_1,Freighter,Damorian Manufacturing Corporation,burndrive,1,3000,150,2000,,100,30,,50,25,25,15,5,500,PHASE,sw_deflectorshield,360,0.5,1,,,10,50,500,100,1,100,9,25000,5,10,250,0.25,3,3,"CIVILIAN, FREIGHTER","sw_base_bp, star_wars",,0.6,2,3,
Consular,sw_consular_civil,Civilian Transport,Corellian Engineering Corporation,burndrive,5,5000,200,3000,,200,50,,50,30,15,10,10,700,PHASE,sw_deflectorshield,360,0.5,1,,,50,1500,300,100,1,100,8,50000,5,10,300,0.25,10,10,"CIVILIAN, LINER","sw_base_bp, star_wars",,0.6,2,3,
,,,,,,,,,,,,,,,,,,,,,,,,,,,,,,,,,,,,,,,,,,,,,,
Tug,sw_tug,Tug,Low Tech,burndrive,1,500,100,500,,50,10,,100,200,150,45,90,150,OMNI,,360,0.5,1,,,2,4,0,100,1,100,8,15000,10,50,300,0.25,5,5,CIVILIAN,"sw_base_bp, star_wars",,0.25,2,2,
,,,,,,,,,,,,,,,,,,,,,,,,,,,,,,,,,,,,,,,,,,,,,,
Golan II,sw_station_golan_ii,Space Defense SpaceGun,,,100,50000,1500,1000,2500,100,0,,30,200,200,2,2,5000,NONE,,0,0,0,,,0,0,0,0,1,0,0,500000,10,10,,,50,50,"STATION, UNBOARDABLE, HIDE_IN_CODEX",no_autofit,,0,,,
Golan M3185,sw_station_shieldgate,Shield Gate,,,100,50000,1500,1000,2500,100,0,,30,200,200,2,2,5000,NONE,,0,0,0,,,0,0,0,0,1,0,0,500000,10,10,,,50,50,"STATION, UNBOARDABLE, HIDE_IN_CODEX",no_autofit,,0,,,
Golan III,sw_station_golan_iii,Space Defense NovaGun,,,200,80000,2000,1000,2500,100,0,,30,200,200,2,2,5000,NONE,,0,0,0,,,0,0,0,0,1,0,0,500000,10,10,,,75,50,"STATION, UNBOARDABLE, HIDE_IN_CODEX",no_autofit,,0,,,
Imperial Dockyards,sw_station_shipyards,Space Station,,,400,160000,2400,1000,2500,100,0,,30,200,200,2,2,5000,NONE,,0,0,0,,,0,0,0,0,1,0,0,500000,10,10,,,100,50,"STATION, UNBOARDABLE, HIDE_IN_CODEX",no_autofit,,0,,,
#Orbital Station,station1,Orbital Station,,,100,40000,1600,1000,2500,100,0,,30,200,200,2,2,5000,NONE,,0,0,0,,,0,0,0,0,1,0,0,500000,10,10,,,50,50,"STATION, UNBOARDABLE, HIDE_IN_CODEX",no_autofit,,0,,,2002
#Battlestation,station2_midline,Battlestation,,,200,80000,2000,1000,2500,100,0,,30,200,200,7,2,5000,NONE,,0,0,0,,,0,0,0,0,1,0,0,500000,10,10,,,75,50,"STATION, UNBOARDABLE, HIDE_IN_CODEX",no_autofit,,0,,,2003.5
#Star Fortress,station3_hightech,Star Fortress,,drone_station_high,400,160000,2400,1000,2500,100,0,,30,200,200,2,2,5000,NONE,,0,0,0,,,0,0,0,0,1,0,0,500000,10,10,,,100,50,"STATION, UNBOARDABLE, HIDE_IN_CODEX",no_autofit,,0,,,2004.5
,,,,,,,,,,,,,,,,,,,,,,,,,,,,,,,,,,,,,,,,,,,,,,
,sw_module_golan_ii1,Space Defense SpaceGun Section,,sw_mediumtractorbeam,1,25000,1500,20000,10000,1000,1000,3,0,0,0,10,10,2500,FRONT,,250,0.4,1,,,0,0,0,0,1,0,,500000,,1,,,0,0,"UNBOARDABLE, HIDE_IN_CODEX",,,0.5,2,2,
,sw_module_golan_ii2,Space Defense SpaceGun Section,,sw_concentratefire,1,25000,1500,20000,10000,1000,1000,3,0,0,0,10,10,2500,FRONT,,250,0.4,1,,,0,0,0,0,1,0,,500000,,1,,,0,0,"UNBOARDABLE, HIDE_IN_CODEX",,,0.5,2,2,
,sw_module_shieldgate1,Shield Gate Section,,reservewing,1,25000,1500,20000,10000,1000,1000,3,0,0,0,10,10,2500,FRONT,,160,0.4,1,,,0,0,0,0,1,0,,500000,,1,,,0,0,"UNBOARDABLE, HIDE_IN_CODEX",,,0.5,2,2,
,sw_module_shieldgate2,Shield Gate Section,,sw_concentratefire,1,25000,1500,20000,10000,1000,1000,3,0,0,0,10,10,2500,FRONT,,160,0.4,1,,,0,0,0,0,1,0,,500000,,1,,,0,0,"UNBOARDABLE, HIDE_IN_CODEX",,,0.5,2,2,
,sw_module_golan_iii2,Space Defense NovaGun Section,,sw_concentratefire,1,30000,1750,25000,10000,5000,1000,4,0,0,0,10,10,3000,FRONT,,180,0.4,1,,,0,0,0,0,1,0,,500000,,1,,,0,0,"UNBOARDABLE, HIDE_IN_CODEX",,,0.5,2,4,
,sw_module_golan_iii1,Space Defense NovaGun Section,,sw_mediumtractorbeam,1,30000,1750,25000,10000,5000,1000,4,0,0,0,10,10,3000,FRONT,,180,0.4,1,,,0,0,0,0,1,0,,500000,,1,,,0,0,"UNBOARDABLE, HIDE_IN_CODEX",,,0.5,2,4,
,sw_module_shipyards1,Dockyards Section,,reservewing,1,30000,2000,30000,37500,5000,1000,3,0,0,0,10,10,3500,NONE,,0,0,0,,,0,0,0,0,1,0,,500000,,1,,,0,0,"UNBOARDABLE, HIDE_IN_CODEX",,,0.5,2,4,
,sw_module_shipyards2,Dockyards Section,,sw_concentratefire,1,30000,2000,30000,37500,5000,1000,3,0,0,0,10,10,3500,NONE,,0,0,0,,,0,0,0,0,1,0,,500000,,1,,,0,0,"UNBOARDABLE, HIDE_IN_CODEX",,,0.5,2,4,
,sw_module_shipyards3,Dockyards Section,,sw_mediumtractorbeam,1,30000,2000,30000,37500,5000,1000,3,0,0,0,10,10,3500,NONE,,0,0,0,,,0,0,0,0,1,0,,500000,,1,,,0,0,"UNBOARDABLE, HIDE_IN_CODEX",,,0.5,2,4,
#,#module_midline_citadel,Heavy Station Battery,,forgevats_station,1,20000,1750,25000,37500,5000,1000,,0,0,0,10,10,3500,FRONT,,40,0.4,1,,,0,0,0,0,1,0,,500000,,1,,,0,0,"UNBOARDABLE, HIDE_IN_CODEX",,,0.5,2,4,2068
#,#module_midline_support,Heavy Support Module,,forgevats_station,1,15000,1500,10000,10000,400,1000,4,0,0,0,10,10,2500,FRONT,,100,0.4,1,,,0,0,0,0,1,0,,500000,,1,,,0,0,"UNBOARDABLE, HIDE_IN_CODEX",,,0.5,2,4,2069
,,,,,,,,,,,,,,,,,,,,,,,,,,,,,,,,,,,,,,,,,,,,,,
Raider,sw_raider_reinforcement,Corvette,Kuat Drive Yards,maneuveringjets,3,1500,150,1500,,300,90,,180,150,120,30,20,170,PHASE,sw_deflectorshield,360,0.5,1,,,10,50,50,100,1,100,11,10000,10,10,350,0.25,0,0,"HIDE_IN_CODEX, UNBOARDABLE",no_autofit,,0.5,2,2,
Tartan,sw_tartan_reinforcement,Patrol Cruiser,Damorian Manufacturing Corporation,sw_concentratefire,3,2300,200,2000,,300,85,,150,100,120,30,20,200,PHASE,sw_deflectorshield,360,0.5,1,,,30,100,50,100,1,100,10,15000,10,10,350,0.25,0,0,"HIDE_IN_CODEX, UNBOARDABLE",no_autofit,,0.5,2,2,
CR-90,sw_cr90_reinforcement,Corvette,Corellian Engineering Corporation,burndrive,3,1500,150,1500,,300,95,,180,150,120,30,20,200,PHASE,sw_deflectorshield_rebel,360,0.5,1,,,10,50,50,100,1,100,11,10000,10,10,350,0.25,0,0,"HIDE_IN_CODEX, UNBOARDABLE",no_autofit,,0.5,2,2,
Sphyrna,sw_hammerhead_reinforcement,Hammerhead Corvette,Corellian Engineering Corporation,burndrive,3,1500,150,1500,,300,65,,200,150,120,30,20,200,PHASE,sw_deflectorshield_rebel,360,0.5,1,,,10,50,50,100,1,100,12,10000,10,10,350,0.25,0,0,"HIDE_IN_CODEX, UNBOARDABLE",no_autofit,,0.5,2,2,
Consular,sw_consular_reinforcement,Space Cruiser,Corellian Engineering Corporation,burndrive,3,1500,150,1500,,300,60,,180,150,120,30,20,200,PHASE,sw_deflectorshield,360,0.5,1,,,10,50,50,100,1,100,11,10000,10,10,350,0.25,0,0,"HIDE_IN_CODEX, UNBOARDABLE",no_autofit,,0.5,2,2,
Pelta,sw_pelta_reinforcement,Frigate,Kuat Drive Yards,maneuveringjets,5,2500,300,3000,,300,90,,150,100,75,20,15,300,PHASE,sw_deflectorshield,360,0.5,1,,,30,100,100,100,1,100,9,10000,10,10,400,0.25,0,0,"HIDE_IN_CODEX, UNBOARDABLE",no_autofit,,0.5,2,2,
IPV-1,sw_ipv1_reinforcement,System Patrol Craft,Sienar Fleet Systems,maneuveringjets,3,1500,150,2000,,300,70,,180,150,120,50,25,200,PHASE,sw_deflectorshield,360,0.5,1,,,10,50,50,100,1,100,10,11000,10,10,400,0.25,0,0,"HIDE_IN_CODEX, UNBOARDABLE",no_autofit,,0.5,2,2,
